_id,mount,endtime,total,lat,lng,height,firstStartDate,lastcheck,yesterdaytotal,yesterdaytime,state,pasVersion,hasSign,checkSign,bts,udp,extra,satRate,averageRate,day14AverageRate,day7AverageRate,days,mp12,mp21,colorType,haveNft,currentAverageRate,day60AverageRate,hexagonId,isOwner,isRegisted,latFormat,lngFormat,status,color,weight,index_right,name,created_at,updated_at,cartodb_id
LERnSiYqpBGuKYf3Y,****B41B9,0,21692400,20.93,-89.13,15.18,1746975510693,1773756000,21638400,1773705600,100.0,2.0,1.0,1.0,0.0,1.0,0.0,1.0,0.9945254629629628,0.9898065476190476,0.9920138888888888,60.0,0.11567,0.142248,1.0,1.0,0.9964930555555556,0.9964930555555556,854509c7fffffff,,True,"N20°55'48.0""","W89°7'48.0""",stable,#2185d0,,24,Yucatán,2013-12-01 18:59:38+01:00,2013-12-01 18:59:38+01:00,30
ff3ig5QdZ2qr4zWxE,****B76E9,0,18184560,18.51,-88.31,8.37,1749752240716,1773756000,18130560,1773705600,100.0,2.0,1.0,1.0,0.0,1.0,0.0,1.0,0.9994907407407408,0.999454365079365,0.999503968253968,60.0,0.115553,0.124385,1.0,1.0,0.9994444444444444,0.9994444444444444,854501b7fffffff,,True,"N18°30'36.0""","W88°18'36.0""",stable,#2185d0,,26,Quintana Roo,2013-12-01 18:59:38+01:00,2013-12-01 18:59:38+01:00,32
mKdxgZEAN4nSh9TMQ,****1C799,0,20809680,20.69,-88.2,14.94,1749752521942,1773756000,20755680,1773705600,100.0,2.0,1.0,0.0,0.0,1.0,0.0,1.0,0.9964930555555556,0.9984623015873016,0.9980158730158728,60.0,0.086753,0.117193,1.0,1.0,0.982800925925926,0.982800925925926,85450877fffffff,,True,"N20°41'24.0""","W88°12'0.0""",stable,#2185d0,,24,Yucatán,2013-12-01 18:59:38+01:00,2013-12-01 18:59:38+01:00,30
Sdj8T2gknSEPkTtak,****1E941,0,21383280,21.15,-88.32,8.61,1749752365632,1773756000,21329280,1773705600,100.0,2.0,1.0,1.0,0.0,1.0,0.0,1.0,0.998726851851852,0.9991071428571427,0.9990079365079364,60.0,0.220751,0.244355,1.0,1.0,0.9935890151515152,0.9935890151515152,85450b83fffffff,,True,"N21°8'60.0""","W88°19'12.0""",stable,#2185d0,,24,Yucatán,2013-12-01 18:59:38+01:00,2013-12-01 18:59:38+01:00,30
MSFqTK6whx2X4vYxv,****28011,0,11361000,20.87,-89.26,6.32,1746975440459,1773756000,11307120,1773705600,100.0,2.0,1.0,1.0,0.0,1.0,0.0,0.9916666666666668,0.9706200897867564,0.9817332551707552,0.9862614237614238,60.0,0.214099,0.207573,,,0.9646285423681256,0.9646285423681256,8545098bfffffff,,True,"N20°52'12.0""","W89°15'36.0""",stable,#2185d0,,24,Yucatán,2013-12-01 18:59:38+01:00,2013-12-01 18:59:38+01:00,30
Pd87TfQ57dEepZSTq,****41BE5,0,18400800,30.84,-116.07,2.04,1745409206724,1773756000,18346800,1773705600,100.0,2.0,1.0,1.0,0.0,0.0,0.0,1.0,0.9989814814814816,0.9993551587301588,0.9989583333333332,60.0,0.12347,0.145247,1.0,1.0,0.9976215277777778,0.9976215277777778,85485d8bfffffff,,True,"N30°50'24.0""","W116°4'12.0""",stable,#2185d0,,0,Baja California,2013-12-01 18:59:38+01:00,2013-12-01 18:59:38+01:00,6
6GzLsm3b4FqhjJ4ab,****49AED,0,5385240,20.39,-89.28,22.72,1749752479046,1773756000,5331240,1773705600,100.0,2.0,1.0,1.0,0.0,1.0,0.0,1.0,0.9976967592592592,0.996626984126984,0.993501984126984,60.0,0.123341,0.113896,1.0,1.0,0.9613026094276094,0.9613026094276094,85450d77fffffff,,True,"N20°23'24.0""","W89°16'48.0""",stable,#2185d0,,24,Yucatán,2013-12-01 18:59:38+01:00,2013-12-01 18:59:38+01:00,30
HaNRhq5rjheepfans,****4D239,0,22233960,21.17,-89.25,3.53,1745888472165,1773756000,22182600,1773705600,100.0,2.0,1.0,1.0,0.0,0.0,0.0,1.0,0.9165886794532628,0.9260248101765958,0.9307863928399642,60.0,0.161112,0.236268,1.0,1.0,0.9107234798380632,0.9107234798380632,85450903fffffff,,True,"N21°10'12.0""","W89°15'0.0""",stable,#2185d0,,24,Yucatán,2013-12-01 18:59:38+01:00,2013-12-01 18:59:38+01:00,30
9eti7pvcMzDNiLRNi,****37C91,0,62102520,20.71,-103.38,1535.5,1710192795800,1773756000,62048520,1773705600,100.0,2.0,1.0,1.0,0.0,1.0,0.0,1.0,0.9988078703703704,0.9984126984126984,0.9969246031746032,60.0,0.094281,0.128372,1.0,1.0,0.9975636574074074,0.9975636574074074,85498c97fffffff,,True,"N20°42'36.0""","W103°22'48.0""",stable,#2185d0,,9,Jalisco,2013-12-01 18:59:38+01:00,2013-12-01 18:59:38+01:00,15
JvZkBrbNW4nTxSEbm,****179F9,0,10376640,20.76,-104.08,1404.23,1760712546989,1773756000,10322640,1773705600,100.0,2.0,1.0,1.0,0.0,1.0,0.0,1.0,0.9973611111111113,0.9979414682539682,0.9979662698412698,60.0,0.112622,0.150344,0.0,1.0,0.9955304783950616,0.9955304783950616,8549ab0ffffffff,,True,"N20°45'36.0""","W104°4'48.0""",stable,#2185d0,,9,Jalisco,2013-12-01 18:59:38+01:00,2013-12-01 18:59:38+01:00,15
FdTXGYPZA5YqBCzaC,****B4615,0,59693760,19.41,-98.91,2238.52,1708206287658,1773756000,59639760,1773705600,100.0,2.0,1.0,1.0,0.0,0.0,0.0,0.9416666666666664,0.9519781144781144,0.954570256132756,0.9544146825396824,60.0,0.277919,0.257447,1.0,1.0,0.9428153935185184,0.9428153935185184,85499513fffffff,,True,"N19°24'36.0""","W98°54'36.0""",stable,#2185d0,,29,México,2013-12-01 18:59:38+01:00,2013-12-01 18:59:38+01:00,3
XSaoa5cXa6aRgqunD,****33A31,1698006480,43826400,22.76,-102.54,2350.23,1652383071992,1773756000,43826400,1773705600,0.0,1.0,,,,,0.0,,0.0,0.0,0.0,60.0,,,,,0.0,0.0,8549886bfffffff,,True,"N22°45'36.0""","W102°32'24.0""",offline,#8e939b,,3,Zacatecas,2013-12-01 18:59:38+01:00,2013-12-01 18:59:38+01:00,9
g23SEsjpaLtDqPPgk,****33AF1,0,1500240,31.72,-116.7,223.2,1772248962872,1773756000,1446240,1773705600,100.0,2.0,1.0,1.0,-1.0,-1.0,0.0,1.0,0.0,0.9989087301587302,0.999404761904762,16.833333333333332,0.109465,0.263327,0.0,1.0,0.999092409240924,0.0,85484a43fffffff,,True,"N31°43'12.0""","W116°42'0.0""",stable,#2185d0,,0,Baja California,2013-12-01 18:59:38+01:00,2013-12-01 18:59:38+01:00,6
uM96p9SWhBYW96eyG,****C414D,0,2400000,19.32,-98.9,2260.23,1771353758963,1773756000,2346000,1773705600,100.0,2.0,1.0,1.0,0.0,0.0,0.0,1.0,0.0,0.9997271825396826,1.0,27.20833333333333,0.196674,0.29903,,,0.9997064828994384,0.0,8549958bfffffff,,True,"N19°19'12.0""","W98°54'0.0""",stable,#2185d0,,29,México,2013-12-01 18:59:38+01:00,2013-12-01 18:59:38+01:00,3
9SvcB3kTjaoeDAqc8,****C9C6D,0,19303080,20.63,-103.4,1586.96,1754243105500,1773756000,19249080,1773705600,100.0,2.0,1.0,1.0,0.0,1.0,0.0,0.9916666666666668,0.9882870370370372,0.9893353174603176,0.9901785714285714,60.0,0.196133,0.184219,,,0.9852893518518518,0.9852893518518518,8549ab5bfffffff,,True,"N20°37'48.0""","W103°24'0.0""",stable,#2185d0,,9,Jalisco,2013-12-01 18:59:38+01:00,2013-12-01 18:59:38+01:00,15
v3f9KRzp5sM7ySZdj,****CA7CD,0,13711200,30.62,-115.97,-10.91,1749025816364,1773756000,13657200,1773705600,100.0,2.0,1.0,1.0,0.0,1.0,0.0,1.0,0.9991782407407408,0.9995287698412698,0.9993055555555556,60.0,0.127626,0.09267,1.0,1.0,0.9961689814814816,0.9961689814814816,85485d9bfffffff,,True,"N30°37'12.0""","W115°58'12.0""",stable,#2185d0,,0,Baja California,2013-12-01 18:59:38+01:00,2013-12-01 18:59:38+01:00,6
7oAA2hLK4TxfFwrJT,****CB1B5,0,11628600,17.98,-92.94,16.68,1762020696722,1773756000,11574600,1773705600,100.0,2.0,1.0,1.0,0.0,0.0,0.0,1.0,0.9734398148148148,1.0,1.0,60.0,0.197172,0.237537,1.0,1.0,0.9845497685185186,0.9845497685185186,856d20c7fffffff,,True,"N17°58'48.0""","W92°56'24.0""",stable,#2185d0,,11,Tabasco,2013-12-01 18:59:38+01:00,2013-12-01 18:59:38+01:00,17
YywknkndpD43SG696,****11071,0,50962680,25.78,-100.31,478.3,1722639787845,1773756000,50908680,1773705600,100.0,2.0,1.0,1.0,0.0,0.0,0.0,1.0,0.9987962962962964,0.9990327380952382,0.9993055555555556,60.0,0.096128,0.148152,1.0,1.0,0.9983275462962964,0.9983275462962964,8548a207fffffff,,True,"N25°46'48.0""","W100°18'36.0""",stable,#2185d0,,21,Nuevo León,2013-12-01 18:59:38+01:00,2013-12-01 18:59:38+01:00,27
yaTtZZFGQj6Xm84p3,****1168D,0,44684160,27.46,-109.93,12.73,1728325615957,1773756000,44630160,1773705600,100.0,2.0,1.0,1.0,0.0,0.0,0.0,1.0,0.998773148148148,0.9992311507936508,0.9989087301587302,60.0,0.094496,0.104147,1.0,1.0,0.998275462962963,0.998275462962963,8548086bfffffff,,True,"N27°27'36.0""","W109°55'48.0""",stable,#2185d0,,1,Sonora,2013-12-01 18:59:38+01:00,2013-12-01 18:59:38+01:00,7
Fn7aG79mfxx5mjG8z,****2048D,0,44615040,21.01,-89.55,-0.02,1724770155526,1773756000,44561040,1773705600,100.0,2.0,1.0,1.0,0.0,1.0,0.0,1.0,0.9997337962962962,0.9994791666666666,0.9989583333333332,60.0,0.096938,0.108748,1.0,1.0,0.9997974537037037,0.9997974537037037,854509bbfffffff,,True,"N21°0'36.0""","W89°32'60.0""",stable,#2185d0,,24,Yucatán,2013-12-01 18:59:38+01:00,2013-12-01 18:59:38+01:00,30
a9eyzHZPabhPtaSYw,****208F1,0,41822520,27.48,-109.92,15.1,1728326767532,1773756000,41768520,1773705600,100.0,2.0,1.0,1.0,0.0,0.0,0.0,1.0,0.865474537037037,0.8805059523809524,0.8032242063492063,60.0,0.079358,0.111828,1.0,1.0,0.8378984788359789,0.8378984788359789,85480aa7fffffff,,True,"N27°28'48.0""","W109°55'12.0""",stable,#2185d0,,1,Sonora,2013-12-01 18:59:38+01:00,2013-12-01 18:59:38+01:00,7
m5efncBhaLkq75a2x,****208FD,0,47682120,28.48,-106.91,2009.81,1725511464020,1773756000,47628120,1773705600,100.0,2.0,1.0,0.0,0.0,1.0,0.0,1.0,0.997488425925926,0.9975694444444444,0.9972222222222222,60.0,0.094046,0.115356,1.0,1.0,0.9947900883838384,0.9947900883838384,85481b17fffffff,,True,"N28°28'48.0""","W106°54'36.0""",stable,#2185d0,,5,Chihuahua,2013-12-01 18:59:38+01:00,2013-12-01 18:59:38+01:00,11
juGPJBLq6SkL2arRr,****29B89,0,44727840,27.46,-109.93,11.01,1728327870825,1773756000,44674200,1773705600,100.0,2.0,1.0,1.0,0.0,0.0,0.0,1.0,0.9985416666666668,0.9990575396825396,0.9989087301587302,60.0,0.085565,0.111234,,,0.9980555555555556,0.9980555555555556,8548086bfffffff,,True,"N27°27'36.0""","W109°55'48.0""",stable,#2185d0,,1,Sonora,2013-12-01 18:59:38+01:00,2013-12-01 18:59:38+01:00,7
rdJQjt4LzbjmeHh5d,****29B9D,0,43579920,27.57,-109.96,3.69,1729214873835,1773756000,43528920,1773705600,100.0,1.0,1.0,1.0,0.0,0.0,0.0,0.0,0.0,0.0,0.0,60.0,,,1.0,1.0,0.0,0.0,85480bd3fffffff,,True,"N27°34'12.0""","W109°57'36.0""",stable,#2185d0,,1,Sonora,2013-12-01 18:59:38+01:00,2013-12-01 18:59:38+01:00,7
zu3ieGWho2RJKgBEj,****2A7DD,0,47166360,31.72,-106.38,1099.89,1726517867622,1773756000,47112360,1773705600,100.0,2.0,1.0,1.0,0.0,1.0,0.0,1.0,0.9973032407407406,0.9982886904761904,0.9982142857142856,60.0,0.094762,0.11843,1.0,1.0,0.9955922067901236,0.9955922067901236,8548c6c7fffffff,,True,"N31°43'12.0""","W106°22'48.0""",stable,#2185d0,,5,Chihuahua,2013-12-01 18:59:38+01:00,2013-12-01 18:59:38+01:00,11
TGyQzXSnpgR7X6HsW,****D6A51,1773609007,67631880,32.47,-116.93,28.98,1701444481944,1773756000,67631880,1773705600,0.0,2.0,1.0,1.0,0.0,1.0,0.0,1.0,0.9414414983164984,0.8972289862914862,0.8242063492063492,60.0,,,1.0,1.0,0.956652462121212,0.956652462121212,8529a4c3fffffff,,True,"N32°28'12.0""","W116°55'48.0""",unstable,#db2828,,0,Baja California,2013-12-01 18:59:38+01:00,2013-12-01 18:59:38+01:00,6
9ka5hbpoBhqr4uYJc,****64F69,0,38448360,24.09,-110.01,46.44,1731445681812,1773756000,38394480,1773705600,100.0,2.0,1.0,1.0,0.0,0.0,0.0,1.0,0.983912037037037,0.9992559523809524,0.9990079365079364,60.0,0.090142,0.116551,1.0,1.0,0.990846836419753,0.990846836419753,85482adbfffffff,,True,"N24°5'24.0""","W110°0'36.0""",stable,#2185d0,,2,Baja California Sur,2013-12-01 18:59:38+01:00,2013-12-01 18:59:38+01:00,8
M6GiYGEa9fGquxr6b,****64F6D,0,26213160,19.19,-96.14,-1.23,1744762934477,1773756000,26163360,1773705600,98.8095238095238,2.0,1.0,1.0,0.0,0.0,0.0,1.0,0.9539814814814817,0.996875,1.0,60.0,0.220507,0.27575,1.0,1.0,0.8940740740740741,0.8940740740740741,856d34dbfffffff,,True,"N19°11'24.0""","W96°8'24.0""",stable,#2185d0,,20,Veracruz de Ignacio de la Llave,2013-12-01 18:59:38+01:00,2013-12-01 18:59:38+01:00,26
N8ZN3nK7kN9yi66G7,****65A69,0,48493560,32.43,-114.75,11.52,1721266021320,1773756000,48439560,1773705600,100.0,2.0,1.0,1.0,0.0,0.0,0.0,1.0,0.9968287037037038,0.9985863095238094,0.9983630952380952,60.0,0.166111,0.181218,1.0,1.0,0.996863425925926,0.996863425925926,85485bd7fffffff,,True,"N32°25'48.0""","W114°45'0.0""",stable,#2185d0,,1,Sonora,2013-12-01 18:59:38+01:00,2013-12-01 18:59:38+01:00,7
hvSb3Ak5vo3aPYJ4D,****65C75,0,39361680,20.63,-87.07,10.92,1720865008814,1773756000,39307680,1773705600,100.0,2.0,1.0,1.0,0.0,0.0,0.0,1.0,0.9952806337181336,0.9963084286745,0.995937049062049,60.0,0.086913,0.114061,1.0,1.0,0.9822756784110952,0.9822756784110952,85450acffffffff,,True,"N20°37'48.0""","W87°4'12.0""",stable,#2185d0,,26,Quintana Roo,2013-12-01 18:59:38+01:00,2013-12-01 18:59:38+01:00,32
WEFSY7EksTpy48XvM,****65D51,0,47913600,19.5,-96.89,1307.88,1723139881828,1773756000,47859720,1773705600,100.0,2.0,1.0,1.0,0.0,1.0,0.0,1.0,0.9900771604938272,0.9893518518518518,0.980787037037037,60.0,0.087744,0.132373,1.0,1.0,0.9884702932098764,0.9884702932098764,85499607fffffff,,True,"N19°30'0.0""","W96°53'24.0""",stable,#2185d0,,20,Veracruz de Ignacio de la Llave,2013-12-01 18:59:38+01:00,2013-12-01 18:59:38+01:00,26
9ZFZoSZN2xLRYYs4g,****65DFD,1764625926,39748080,23.02,-109.73,19.14,1720078295609,1773756000,39748080,1773705600,0.0,2.0,1.0,1.0,0.0,1.0,0.0,0.981818181818182,0.0,0.0,0.0,60.0,,,,,0.0,0.0,85482333fffffff,,True,"N23°1'12.0""","W109°43'48.0""",offline,#8e939b,,2,Baja California Sur,2013-12-01 18:59:38+01:00,2013-12-01 18:59:38+01:00,8
CZEMjPFCMJnfEaEiC,****67981,0,21873240,21.07,-89.21,4.25,1745887040240,1773756000,21819360,1773705600,100.0,2.0,1.0,1.0,0.0,0.0,0.0,1.0,0.6595949074074074,0.9166170634920636,0.9166170634920636,60.0,0.171498,0.255071,1.0,1.0,0.4630960648148148,0.4630960648148148,85450903fffffff,,True,"N21°4'12.0""","W89°12'36.0""",stable,#2185d0,,24,Yucatán,2013-12-01 18:59:38+01:00,2013-12-01 18:59:38+01:00,30
Ke4BoB3ZhgzoTmMiz,****679D5,0,15195600,20.4,-89.53,24.41,1745885804240,1773756000,15141600,1773705600,100.0,2.0,1.0,1.0,0.0,0.0,0.0,1.0,0.9998148148148148,0.9999503968253968,0.9999503968253968,60.0,0.136185,0.115754,1.0,1.0,0.9997395833333332,0.9997395833333332,85450d2bfffffff,,True,"N20°23'60.0""","W89°31'48.0""",stable,#2185d0,,24,Yucatán,2013-12-01 18:59:38+01:00,2013-12-01 18:59:38+01:00,30
7zYD3EgvdPtG5iLLF,****67A05,1771854486,13858080,20.9,-89.68,-4.16,1745888065295,1773756000,13858080,1773705600,0.0,2.0,1.0,1.0,0.0,1.0,0.0,1.0,0.2330439814814814,0.0,0.0,60.0,,,,,0.2460300925925926,0.2460300925925926,854509b3fffffff,,True,"N20°53'60.0""","W89°40'48.0""",offline,#8e939b,,24,Yucatán,2013-12-01 18:59:38+01:00,2013-12-01 18:59:38+01:00,30
xjsgPBm5AJhpHXBMN,****67A11,0,21343080,20.25,-89.35,27.8,1745886493706,1773756000,21289080,1773705600,100.0,2.0,1.0,1.0,0.0,1.0,0.0,1.0,0.9431776094276094,0.9982774170274172,0.9981646825396824,60.0,0.143224,0.162308,1.0,1.0,0.9608738425925926,0.9608738425925926,85450d0ffffffff,,True,"N20°15'0.0""","W89°20'60.0""",stable,#2185d0,,24,Yucatán,2013-12-01 18:59:38+01:00,2013-12-01 18:59:38+01:00,30
DzebL6dRFjyEamNdq,****67A21,0,15276600,20.2,-87.48,10.19,1745887634734,1773756000,15222840,1773705600,100.0,2.0,1.0,1.0,0.0,1.0,0.0,1.0,0.907899531024531,0.8428700267985982,0.6936765615337044,60.0,0.127941,0.133667,1.0,1.0,0.7006974506974507,0.7006974506974507,85450a93fffffff,,True,"N20°11'60.0""","W87°28'48.0""",stable,#2185d0,,26,Quintana Roo,2013-12-01 18:59:38+01:00,2013-12-01 18:59:38+01:00,32
hiR4G9K8Bq5REuH5S,****67A31,0,23415120,18.65,-91.84,-3.25,1745887708706,1773756000,23361120,1773705600,100.0,2.0,1.0,1.0,0.0,0.0,0.0,1.0,0.9999652777777778,0.9999751984126984,0.9999503968253968,60.0,0.111483,0.126622,1.0,1.0,0.9984780092592592,0.9984780092592592,85457493fffffff,,True,"N18°38'60.0""","W91°50'24.0""",stable,#2185d0,,25,Campeche,2013-12-01 18:59:38+01:00,2013-12-01 18:59:38+01:00,31
PR74Lo6CXTToqnopQ,****67A45,0,24099120,18.02,-92.9,-1.14,1745887989656,1773756000,24045720,1773705600,100.0,2.0,1.0,1.0,0.0,0.0,0.0,1.0,0.9997800925925926,0.9998015873015872,0.9997519841269842,60.0,0.180752,0.181963,1.0,1.0,0.9997453703703704,0.9997453703703704,856d208bfffffff,,True,"N18°1'12.0""","W92°54'0.0""",stable,#2185d0,,11,Tabasco,2013-12-01 18:59:38+01:00,2013-12-01 18:59:38+01:00,17
gBEpu8obGuGzEag83,****EE305,0,2211120,31.06,-116.22,22.05,1771102291509,1773756000,2157120,1773705600,100.0,2.0,1.0,1.0,0.0,1.0,0.0,0.9916666666666668,0.0,0.930183531746032,0.9982142857142856,26.041666666666668,0.136171,0.172442,0.0,1.0,0.95964,0.0,85485d17fffffff,,True,"N31°3'36.0""","W116°13'12.0""",stable,#2185d0,,0,Baja California,2013-12-01 18:59:38+01:00,2013-12-01 18:59:38+01:00,6
NiFMcqpEQXvbZ75z2,****EE689,1773693366,45452280,21.19,-101.72,1885.33,1738260009526,1773756000,45452280,1773705600,0.0,2.0,1.0,1.0,0.0,1.0,0.0,1.0,0.9163596781305116,0.8586836691747406,0.7262463066034495,60.0,,,0.0,1.0,0.773609545354337,0.773609545354337,85498ed7fffffff,,True,"N21°11'24.0""","W101°43'12.0""",unstable,#db2828,,13,Guanajuato,2013-12-01 18:59:38+01:00,2013-12-01 18:59:38+01:00,19
MfLB5PqY8i4dBovDZ,****820D5,0,7263120,19.5,-98.88,2254.43,1766467581640,1773756000,7209360,1773705600,100.0,2.0,1.0,1.0,0.0,1.0,0.0,1.0,0.989375,0.9973958333333334,0.9969246031746032,60.0,0.07991,0.066522,1.0,1.0,0.9884138257575756,0.9884138257575756,85499513fffffff,,True,"N19°30'0.0""","W98°52'48.0""",stable,#2185d0,,29,México,2013-12-01 18:59:38+01:00,2013-12-01 18:59:38+01:00,3
AbbRkc8kG8h7nyfyu,****D819D,1763438286,7786800,31.33,-113.52,-21.71,1749025118479,1773756000,7786800,1773705600,0.0,2.0,1.0,0.0,0.0,1.0,0.0,1.0,0.0,0.0,0.0,60.0,,,1.0,1.0,0.0,0.0,85485e73fffffff,,True,"N31°19'48.0""","W113°31'12.0""",offline,#8e939b,,1,Sonora,2013-12-01 18:59:38+01:00,2013-12-01 18:59:38+01:00,7
KsK4jvLB4CtCYKufR,****D90DD,0,20605320,31.7,-106.44,1107.61,1749811832343,1773756000,20551320,1773705600,100.0,2.0,1.0,1.0,0.0,1.0,0.0,1.0,0.989363425925926,0.9977678571428572,0.9977678571428572,60.0,0.114342,0.145992,1.0,1.0,0.9923680555555556,0.9923680555555556,8548c68bfffffff,,True,"N31°41'60.0""","W106°26'24.0""",stable,#2185d0,,5,Chihuahua,2013-12-01 18:59:38+01:00,2013-12-01 18:59:38+01:00,11
3QGEpbM87uq4rza5v,****69D6C,0,2035320,19.34,-99.62,2601.67,1771646093145,1773756000,1981320,1773705600,100.0,2.0,1.0,1.0,1.0,1.0,0.0,1.0,0.0,0.999454365079365,0.9990575396825396,23.83333333333333,0.095522,0.084344,,,0.9627913752913754,0.0,8549867bfffffff,,True,"N19°20'24.0""","W99°37'12.0""",stable,#2185d0,,29,México,2013-12-01 18:59:38+01:00,2013-12-01 18:59:38+01:00,3
57b77MsH3xuLt4xif,****20849,0,29363760,21.0,-89.89,-10.97,1743097483353,1773756000,29309760,1773705600,100.0,2.0,1.0,1.0,0.0,0.0,0.0,1.0,0.969407617845118,0.9920138888888888,0.9924107142857144,60.0,0.287322,0.319956,1.0,1.0,0.9820583313291646,0.9820583313291646,8545727bfffffff,,True,"N21°0'0.0""","W89°53'24.0""",stable,#2185d0,,24,Yucatán,2013-12-01 18:59:38+01:00,2013-12-01 18:59:38+01:00,30
oGw46bTpH2T52HRWc,****71669,0,26690160,21.2,-89.27,-2.9,1742569299413,1773756000,26636400,1773705600,100.0,2.0,1.0,1.0,0.0,0.0,0.0,1.0,0.9761915684624016,0.9612103174603174,0.9998511904761904,60.0,0.203242,0.198544,1.0,1.0,0.947644395342312,0.947644395342312,85450907fffffff,,True,"N21°11'60.0""","W89°16'12.0""",stable,#2185d0,,24,Yucatán,2013-12-01 18:59:38+01:00,2013-12-01 18:59:38+01:00,30
8KZpHCh9rrshfjuaC,****72BFD,1760058966,10411320,14.92,-92.26,217.16,1743095725407,1773756000,10411320,1773705600,0.0,2.0,1.0,1.0,0.0,0.0,0.0,1.0,0.0,0.0,0.0,60.0,,,1.0,1.0,0.0,0.0,856d2a17fffffff,,True,"N14°55'12.0""","W92°15'36.0""",offline,#8e939b,,10,Chiapas,2013-12-01 18:59:38+01:00,2013-12-01 18:59:38+01:00,16
FDHnvqQhrfuuxcGRt,****BC28D,0,18503760,22.29,-101.58,2490.69,1751286356897,1773756000,18449760,1773705600,100.0,2.0,1.0,1.0,0.0,1.0,0.0,1.0,0.9979282407407408,0.998263888888889,0.9984623015873016,60.0,0.096028,0.084741,1.0,1.0,0.9971501473063972,0.9971501473063972,85498e6ffffffff,,True,"N22°17'24.0""","W101°34'48.0""",stable,#2185d0,,3,Zacatecas,2013-12-01 18:59:38+01:00,2013-12-01 18:59:38+01:00,9
irKNA2vdzuEfd5niH,****BCBE5,0,13535520,31.32,-116.25,69.26,1753265425265,1773756000,13481520,1773705600,100.0,2.0,1.0,1.0,0.0,1.0,0.0,1.0,0.9978587962962964,0.998809523809524,0.9993551587301588,60.0,0.158368,0.126206,1.0,1.0,0.950565200617284,0.950565200617284,85485d3bfffffff,,True,"N31°19'12.0""","W116°15'0.0""",stable,#2185d0,,0,Baja California,2013-12-01 18:59:38+01:00,2013-12-01 18:59:38+01:00,6
zozfYAqP6aL5sgsYo,****BE269,0,23722800,19.84,-90.5,12.16,1746976506760,1773756000,23668800,1773705600,100.0,2.0,1.0,1.0,0.0,0.0,0.0,0.9666666666666668,0.9901967592592592,0.9920138888888888,0.9925595238095238,60.0,0.261758,0.406653,1.0,1.0,0.9862058080808082,0.9862058080808082,8545760ffffffff,,True,"N19°50'24.0""","W90°30'0.0""",stable,#2185d0,,25,Campeche,2013-12-01 18:59:38+01:00,2013-12-01 18:59:38+01:00,31
4WcEwoX4LBFDqTc3z,****BE3A9,1758324966,2474160,20.69,-105.25,-7.37,1753180689213,1773756000,2474160,1773705600,0.0,2.0,1.0,1.0,0.0,1.0,0.0,1.0,0.0,0.0,0.0,60.0,,,,,0.0,0.0,8549a967fffffff,,True,"N20°41'24.0""","W105°15'0.0""",offline,#8e939b,,9,Jalisco,2013-12-01 18:59:38+01:00,2013-12-01 18:59:38+01:00,15
KoirsuTWkeWgEdMfB,****BEF45,0,4116240,19.52,-98.88,2260.52,1769636735415,1773756000,4062600,1773705600,100.0,2.0,1.0,1.0,0.0,1.0,0.0,1.0,0.9987142255892256,0.9978896103896104,0.9991026334776334,47.083333333333336,0.045234,0.045956,1.0,1.0,0.9210726736390452,0.0,85499503fffffff,,True,"N19°31'12.0""","W98°52'48.0""",stable,#2185d0,,29,México,2013-12-01 18:59:38+01:00,2013-12-01 18:59:38+01:00,3
HmHHYtKepYob7AEZc,****BF185,0,2867160,32.07,-116.63,286.96,1753265770090,1773756000,2813160,1773705600,100.0,2.0,1.0,1.0,0.0,1.0,0.0,1.0,0.9880555555555556,0.9937003968253968,0.999454365079365,33.041666666666664,0.127975,0.117245,1.0,1.0,0.9877469525010508,0.0,854859b3fffffff,,True,"N32°4'12.0""","W116°37'48.0""",stable,#2185d0,,0,Baja California,2013-12-01 18:59:38+01:00,2013-12-01 18:59:38+01:00,6
WFtB6FMNFhc73kv8m,****BF8C5,1754360885,6960,20.74,-103.38,1538.42,1752137668858,1773756000,6960,1773705600,0.0,1.0,1.0,1.0,-1.0,-1.0,0.0,0.0,0.0,0.0,0.0,60.0,,,,,0.0,0.0,85498c97fffffff,,True,"N20°44'24.0""","W103°22'48.0""",offline,#8e939b,,9,Jalisco,2013-12-01 18:59:38+01:00,2013-12-01 18:59:38+01:00,15
kjDjrrKQszKKbWQKP,****BF9DD,0,5756760,31.89,-116.57,166.76,1762505428761,1773756000,5702760,1773705600,100.0,2.0,1.0,1.0,0.0,1.0,0.0,1.0,0.9996180555555556,0.9997271825396826,0.9999503968253968,60.0,0.107353,0.103221,,,0.9994849537037038,0.9994849537037038,85484a4bfffffff,,True,"N31°53'24.0""","W116°34'12.0""",stable,#2185d0,,0,Baja California,2013-12-01 18:59:38+01:00,2013-12-01 18:59:38+01:00,6
KCPLXa5XCxbZfLEuF,****C029D,0,17392680,19.41,-98.14,2419.36,1746976426012,1773756000,17338680,1773705600,100.0,2.0,1.0,1.0,0.0,1.0,0.0,1.0,0.9978703703703704,0.9982142857142856,0.9980654761904764,60.0,0.113489,0.127123,1.0,1.0,0.9968576388888888,0.9968576388888888,8549942ffffffff,,True,"N19°24'36.0""","W98°8'24.0""",stable,#2185d0,,17,Tlaxcala,2013-12-01 18:59:38+01:00,2013-12-01 18:59:38+01:00,23
qfYbQTZJ6Qc5QWu5R,****D24AD,0,18141240,18.67,-88.4,19.59,1746975358217,1773756000,18087240,1773705600,100.0,2.0,1.0,1.0,0.0,1.0,0.0,1.0,0.9955092592592591,0.9908234126984128,0.9819444444444444,60.0,0.120453,0.120883,1.0,1.0,0.9972864057239056,0.9972864057239056,85452a6bfffffff,,True,"N18°40'12.0""","W88°24'0.0""",stable,#2185d0,,26,Quintana Roo,2013-12-01 18:59:38+01:00,2013-12-01 18:59:38+01:00,32
WYzo3JX9xfMdvb3G5,****D499D,0,12029160,14.92,-92.26,212.57,1749752579510,1773756000,11975160,1773705600,100.0,2.0,1.0,1.0,0.0,1.0,0.0,1.0,0.9916445707070708,0.9843501984126984,0.9711805555555556,60.0,0.295309,0.333004,1.0,1.0,0.9844739057239058,0.9844739057239058,856d2a17fffffff,,True,"N14°55'12.0""","W92°15'36.0""",stable,#2185d0,,10,Chiapas,2013-12-01 18:59:38+01:00,2013-12-01 18:59:38+01:00,16
yAecQnY9MMuXEBhBd,****D6101,0,22317360,20.49,-86.94,-4.29,1745887326366,1773756000,22263360,1773705600,100.0,2.0,1.0,1.0,0.0,1.0,0.0,1.0,0.9990393518518518,0.999454365079365,0.999404761904762,60.0,0.119284,0.174772,1.0,1.0,0.998136574074074,0.998136574074074,85450acbfffffff,,True,"N20°29'24.0""","W86°56'24.0""",stable,#2185d0,,26,Quintana Roo,2013-12-01 18:59:38+01:00,2013-12-01 18:59:38+01:00,32
Rt34T3WS6PmetcrhM,****D7219,1773719646,5497440,20.98,-89.23,5.9,1745886844458,1773756000,5497200,1773705600,0.4761904761904762,2.0,1.0,1.0,-1.0,-1.0,0.0,1.0,0.1853350468975469,0.2240621564282278,0.2744943052978767,60.0,,,,,0.1914086550024049,0.1914086550024049,85450913fffffff,,True,"N20°58'48.0""","W89°13'48.0""",unstable,#db2828,,24,Yucatán,2013-12-01 18:59:38+01:00,2013-12-01 18:59:38+01:00,30
Ji9zuwyo9nGHtFPX7,****D7401,1773124806,19348200,19.58,-88.05,7.74,1746975249342,1773756000,19348200,1773705600,0.0,2.0,1.0,1.0,0.0,1.0,0.0,1.0,0.7037847222222222,0.5235615079365079,0.0476190476190476,60.0,,,1.0,1.0,0.7493402777777778,0.7493402777777778,85450eb7fffffff,,True,"N19°34'48.0""","W88°2'60.0""",offline,#8e939b,,26,Quintana Roo,2013-12-01 18:59:38+01:00,2013-12-01 18:59:38+01:00,32
kSTNokiD772CsHpzs,****060A9,0,13039800,21.12,-88.15,22.07,1749752309208,1773756000,12985800,1773705600,100.0,2.0,1.0,1.0,0.0,1.0,0.0,1.0,0.9993876262626262,0.9994814213564214,0.9989628427128426,60.0,0.109752,0.163763,1.0,1.0,0.971719276094276,0.971719276094276,85450b8bfffffff,,True,"N21°7'12.0""","W88°9'0.0""",stable,#2185d0,,24,Yucatán,2013-12-01 18:59:38+01:00,2013-12-01 18:59:38+01:00,30
cRoqcXgSpRzDEzbbf,****60559,1768505286,22262400,32.37,-116.94,307.4,1701444004985,1773756000,22262400,1773705600,0.0,2.0,0.0,0.0,-1.0,-1.0,0.0,1.0,0.0,0.0,0.0,60.0,,,1.0,1.0,0.0,0.0,8529a4d3fffffff,,True,"N32°22'12.0""","W116°56'24.0""",offline,#8e939b,,0,Baja California,2013-12-01 18:59:38+01:00,2013-12-01 18:59:38+01:00,6
dQkdTZgjsPt5Qnwzb,****CFEC2,0,22551000,19.56,-99.27,2369.52,1750108228393,1773756000,22497000,1773705600,100.0,2.0,1.0,1.0,1.0,1.0,0.0,1.0,0.9920486111111112,0.9922371031746032,0.9925595238095238,60.0,0.517553,0.307103,1.0,1.0,0.960300925925926,0.960300925925926,854995a3fffffff,,True,"N19°33'36.0""","W99°16'12.0""",stable,#2185d0,,29,México,2013-12-01 18:59:38+01:00,2013-12-01 18:59:38+01:00,3
urt7d7is8ZZYbbX7h,****CFF1E,0,24056880,19.11,-98.37,2234.86,1749592779492,1773756000,24002880,1773705600,100.0,2.0,1.0,1.0,1.0,1.0,0.0,1.0,0.9933764730639733,0.9934275793650794,0.992906746031746,60.0,0.362289,0.27228,,,0.9912194865319864,0.9912194865319864,854995dbfffffff,,True,"N19°6'36.0""","W98°22'12.0""",stable,#2185d0,,18,Puebla,2013-12-01 18:59:38+01:00,2013-12-01 18:59:38+01:00,24
JEqsz7LkpBZuAi2Bi,****FFAC8,0,16043400,25.48,-100.94,1473.3,1757690796039,1773756000,15989400,1773705600,100.0,2.0,1.0,1.0,1.0,1.0,0.0,1.0,0.990914351851852,0.9940972222222222,0.9955853174603174,60.0,0.329698,0.204728,,,0.9903761574074074,0.9903761574074074,8548a2b7fffffff,,True,"N25°28'48.0""","W100°56'24.0""",stable,#2185d0,,22,Coahuila de Zaragoza,2013-12-01 18:59:38+01:00,2013-12-01 18:59:38+01:00,28
xg5JAzR9ytDN3vPQZ,****0DC72,1768839726,17034360,21.16,-90.05,-10.21,1751322084331,1773756000,17034360,1773705600,0.0,2.0,1.0,1.0,1.0,1.0,0.0,0.98,0.0,0.0,0.0,60.0,,,1.0,1.0,0.0622719907407407,0.0622719907407407,85457263fffffff,,True,"N21°9'36.0""","W90°2'60.0""",offline,#8e939b,,24,Yucatán,2013-12-01 18:59:38+01:00,2013-12-01 18:59:38+01:00,30
XAX7J5APx6rMLBEv3,****0EC0C,0,15046080,28.84,-111.49,31.11,1757747353126,1773756000,14992080,1773705600,100.0,2.0,1.0,1.0,1.0,1.0,0.0,0.725,0.811434132996633,0.7486246392496392,0.6295229076479076,60.0,0.331255,0.294768,,,0.835661510942761,0.835661510942761,8548560ffffffff,,True,"N28°50'24.0""","W111°29'24.0""",stable,#2185d0,,1,Sonora,2013-12-01 18:59:38+01:00,2013-12-01 18:59:38+01:00,7
c3kfxCSfpoTpW6DzG,****0EC6E,0,13320120,29.12,-110.97,219.83,1759133171307,1773756000,13266120,1773705600,100.0,2.0,1.0,1.0,1.0,1.0,0.0,0.9666666666666668,0.961087962962963,0.959920634920635,0.9597718253968256,60.0,0.300926,0.190436,,,0.9607060185185186,0.9607060185185186,8548e5b7fffffff,,True,"N29°7'12.0""","W110°58'12.0""",stable,#2185d0,,1,Sonora,2013-12-01 18:59:38+01:00,2013-12-01 18:59:38+01:00,7
XmbuBsfBGz6qDTRqS,****0ECE2,0,9465360,18.98,-99.01,1840.75,1764025199598,1773756000,9411720,1773705600,100.0,2.0,1.0,1.0,1.0,1.0,0.0,0.9833333333333334,0.944770622895623,0.9506673881673882,0.9565656565656566,60.0,0.413375,0.274922,,,0.937253787878788,0.937253787878788,85499593fffffff,,True,"N18°58'48.0""","W99°0'36.0""",stable,#2185d0,,30,Morelos,2013-12-01 18:59:38+01:00,2013-12-01 18:59:38+01:00,4
6oBRgycsn5X88cRLY,****0FBC6,0,6188760,18.93,-99.23,1583.85,1767130282881,1773756000,6140400,1773705600,95.95238095238096,2.0,1.0,1.0,1.0,1.0,0.0,1.0,0.9710995370370372,0.9960813492063492,0.9964781746031746,60.0,0.427386,0.318882,1.0,1.0,0.9821770833333332,0.9821770833333332,8549b32ffffffff,,True,"N18°55'48.0""","W99°13'48.0""",stable,#2185d0,,30,Morelos,2013-12-01 18:59:38+01:00,2013-12-01 18:59:38+01:00,4
hbeQpEdTwMmxnGpjw,****12BE2,0,13605360,19.53,-96.93,1418.08,1760055333831,1773756000,13551360,1773705600,100.0,2.0,1.0,1.0,1.0,1.0,0.0,1.0,0.9899978956228956,0.993175054112554,0.9934929653679654,60.0,0.337853,0.284597,,,0.9888468013468014,0.9888468013468014,85499633fffffff,,True,"N19°31'48.0""","W96°55'48.0""",stable,#2185d0,,20,Veracruz de Ignacio de la Llave,2013-12-01 18:59:38+01:00,2013-12-01 18:59:38+01:00,26
EYe9b8abpx6N286zE,****149E4,0,16291200,19.5,-96.93,1339.47,1757298415908,1773756000,16237200,1773705600,100.0,2.0,1.0,1.0,1.0,1.0,0.0,0.9833333333333334,0.9424537037037036,0.9447916666666666,0.9452876984126984,60.0,0.426057,0.30617,,,0.931395728114478,0.931395728114478,85499607fffffff,,True,"N19°30'0.0""","W96°55'48.0""",stable,#2185d0,,20,Veracruz de Ignacio de la Llave,2013-12-01 18:59:38+01:00,2013-12-01 18:59:38+01:00,26
JEoDNbi2cfwzgEYwi,****1CD86,1759786926,6983400,19.53,-96.93,1423.59,1752777726759,1773756000,6983400,1773705600,0.0,2.0,1.0,1.0,1.0,1.0,0.0,1.0,0.0,0.0,0.0,60.0,,,0.0,,0.0,0.0,85499633fffffff,,False,"N19°31'48.0""","W96°55'48.0""",offline,#8e939b,,20,Veracruz de Ignacio de la Llave,2013-12-01 18:59:38+01:00,2013-12-01 18:59:38+01:00,26
a2ttiqdKrm3BnBW82,****22B78,0,9140880,19.23,-99.12,2338.37,1764361964616,1773756000,9086880,1773705600,100.0,2.0,1.0,1.0,1.0,1.0,0.0,1.0,0.97899515993266,0.9748060966810967,0.9693136724386724,60.0,0.397483,0.267493,,,0.9777035984848484,0.9777035984848484,85499587fffffff,,True,"N19°13'48.0""","W99°7'12.0""",stable,#2185d0,,28,Distrito Federal,2013-12-01 18:59:38+01:00,2013-12-01 18:59:38+01:00,1
wRzW9awnLzkC2TxeA,****22B94,1769124366,10068000,20.52,-99.88,1902.2,1756153614527,1773756000,10068000,1773705600,0.0,2.0,1.0,1.0,1.0,1.0,0.0,1.0,0.0,0.0,0.0,60.0,,,1.0,1.0,0.1141787668350168,0.1141787668350168,8549823bfffffff,,True,"N20°31'12.0""","W99°52'48.0""",offline,#8e939b,,15,Querétaro,2013-12-01 18:59:38+01:00,2013-12-01 18:59:38+01:00,21
gkBtG26dsDHSraLL5,****22CBA,1764388326,0,18.98,-99.01,1836.16,1764388311397,1773756000,0,1773705600,0.0,2.0,1.0,1.0,1.0,1.0,0.0,0.0,0.0,0.0,0.0,60.0,,,,,0.0,0.0,85499593fffffff,,True,"N18°58'48.0""","W99°0'36.0""",offline,#8e939b,,30,Morelos,2013-12-01 18:59:38+01:00,2013-12-01 18:59:38+01:00,4
jaYRCqA9CEkgcGEtn,****5B739,1765145406,182040,19.57,-99.07,2342.06,1741080625174,1773756000,182040,1773705600,0.0,2.0,1.0,1.0,0.0,0.0,0.0,0.0,0.0,0.0,0.0,60.0,,,,,0.0,0.0,854995abfffffff,,True,"N19°34'12.0""","W99°4'12.0""",offline,#8e939b,,29,México,2013-12-01 18:59:38+01:00,2013-12-01 18:59:38+01:00,3
JwfNsfwNeZmK4mYeD,****5CD09,0,29024880,31.78,-116.61,-12.62,1741868702454,1773756000,28970880,1773705600,100.0,2.0,1.0,1.0,0.0,0.0,0.0,1.0,0.9992824074074076,0.9996279761904762,0.999454365079365,60.0,0.068848,0.092879,,,0.9857407407407408,0.9857407407407408,85484a4bfffffff,,True,"N31°46'48.0""","W116°36'36.0""",stable,#2185d0,,0,Baja California,2013-12-01 18:59:38+01:00,2013-12-01 18:59:38+01:00,6
vajfnKgFEpAkaE6Rv,****E3355,0,40656720,18.93,-99.24,1592.3,1732920403400,1773756000,40602720,1773705600,100.0,2.0,1.0,1.0,0.0,0.0,0.0,1.0,0.982800925925926,0.9637648809523808,0.9993055555555556,60.0,0.101105,0.140326,0.0,1.0,0.9909664351851852,0.9909664351851852,8549b32ffffffff,,True,"N18°55'48.0""","W99°14'24.0""",stable,#2185d0,,30,Morelos,2013-12-01 18:59:38+01:00,2013-12-01 18:59:38+01:00,4
kvq6kNmi2Ti2hZMPj,****FDEC5,1749250445,12698400,19.29,-98.44,2264.63,1733915094934,1773756000,12698400,1773705600,0.0,2.0,1.0,1.0,0.0,0.0,0.0,1.0,0.0,0.0,0.0,60.0,,,1.0,1.0,0.0,0.0,854995cbfffffff,,True,"N19°17'24.0""","W98°26'24.0""",offline,#8e939b,,18,Puebla,2013-12-01 18:59:38+01:00,2013-12-01 18:59:38+01:00,24
xHfQXeXqMtigxXD6J,****DF321,0,32777760,19.52,-99.24,2284.44,1736296380324,1773756000,32723760,1773705600,100.0,2.0,1.0,1.0,0.0,0.0,0.0,1.0,0.9970921015712684,0.9971252705627708,0.996185064935065,60.0,0.175612,0.174019,1.0,1.0,0.9962436868686868,0.9962436868686868,854995a3fffffff,,True,"N19°31'12.0""","W99°14'24.0""",stable,#2185d0,,29,México,2013-12-01 18:59:38+01:00,2013-12-01 18:59:38+01:00,3
c3ZGQt2F4ECpysZBu,****E3869,1773693006,29652840,21.27,-89.72,-6.88,1736907475004,1773756000,29652840,1773705600,0.0,2.0,1.0,1.0,0.0,0.0,0.0,1.0,0.987175925925926,0.9862351190476192,0.9859126984126984,60.0,,,1.0,1.0,0.9891782407407408,0.9891782407407408,854509a7fffffff,,True,"N21°16'12.0""","W89°43'12.0""",unstable,#db2828,,24,Yucatán,2013-12-01 18:59:38+01:00,2013-12-01 18:59:38+01:00,30
SQhsPdWSaGLZcSszm,****E40F5,1740189725,296280,20.7,-102.34,2057.91,1737373357090,1773756000,296280,1773705600,0.0,1.0,1.0,1.0,0.0,0.0,0.0,0.0,0.0,0.0,0.0,60.0,,,0.0,,0.0,0.0,85498137fffffff,,True,"N20°41'60.0""","W102°20'24.0""",offline,#8e939b,,9,Jalisco,2013-12-01 18:59:38+01:00,2013-12-01 18:59:38+01:00,15
oBGQ9aARarpgni8ge,****E4A59,0,37486320,19.36,-99.29,2665.6,1734828717258,1773756000,37432320,1773705600,100.0,2.0,1.0,1.0,0.0,0.0,0.0,1.0,0.9993055555555556,0.9993799603174603,0.9993551587301588,60.0,0.076956,0.125788,1.0,1.0,0.8205550294612795,0.8205550294612795,854995b3fffffff,,True,"N19°21'36.0""","W99°17'24.0""",stable,#2185d0,,28,Distrito Federal,2013-12-01 18:59:38+01:00,2013-12-01 18:59:38+01:00,1
ZeEr8sac2L844RCEA,****EC879,0,30905400,21.01,-89.73,1.6,1736907596154,1773756000,30853080,1773705600,100.0,2.0,1.0,1.0,0.0,0.0,0.0,1.0,0.9981723484848484,0.9998511904761904,0.9998511904761904,60.0,0.150408,0.164171,1.0,1.0,0.9986347853535354,0.9986347853535354,854509b7fffffff,,True,"N21°0'36.0""","W89°43'48.0""",stable,#2185d0,,24,Yucatán,2013-12-01 18:59:38+01:00,2013-12-01 18:59:38+01:00,30
qfcRyQaiktiHE4gwy,****FABDD,0,28255800,21.07,-89.66,-3.37,1736823433652,1773756000,28201800,1773705600,100.0,2.0,1.0,1.0,0.0,0.0,0.0,1.0,0.9997800925925926,0.9998511904761904,0.9999007936507937,60.0,0.113741,0.131607,1.0,1.0,0.583900462962963,0.583900462962963,854509a3fffffff,,True,"N21°4'12.0""","W89°39'36.0""",stable,#2185d0,,24,Yucatán,2013-12-01 18:59:38+01:00,2013-12-01 18:59:38+01:00,30
xsrSSX4LxWiTsGQy5,****FACA9,0,33923160,21.1,-89.3,9.23,1736295884141,1773756000,33869400,1773705600,100.0,2.0,1.0,1.0,0.0,0.0,0.0,1.0,0.981574074074074,0.961061507936508,0.9998015873015872,60.0,0.188038,0.251185,1.0,1.0,0.9841798941798942,0.9841798941798942,85450917fffffff,,True,"N21°6'0.0""","W89°17'60.0""",stable,#2185d0,,24,Yucatán,2013-12-01 18:59:38+01:00,2013-12-01 18:59:38+01:00,30
CnvhYatkN3k6JeApW,****FCE75,1743499325,2431920,25.59,-103.5,1114.95,1736841380015,1773756000,2431920,1773705600,0.0,1.0,1.0,1.0,-1.0,-1.0,0.0,0.0,0.0,0.0,0.0,60.0,,,,,0.0,0.0,85481273fffffff,,True,"N25°35'24.0""","W103°30'0.0""",offline,#8e939b,,4,Durango,2013-12-01 18:59:38+01:00,2013-12-01 18:59:38+01:00,10
6i5DWA4M3eY98xBkj,****FECFD,0,32047080,19.36,-99.01,2233.09,1736296257189,1773756000,31993080,1773705600,100.0,2.0,1.0,1.0,0.0,0.0,0.0,1.0,0.896724537037037,0.9992311507936508,0.9985119047619048,60.0,0.35793,0.265169,1.0,1.0,0.9481181607744108,0.9481181607744108,8549958ffffffff,,True,"N19°21'36.0""","W99°0'36.0""",stable,#2185d0,,28,Distrito Federal,2013-12-01 18:59:38+01:00,2013-12-01 18:59:38+01:00,1
D76zYKgDWCoQddqRz,****CB0FD,0,2563200,19.41,-99.51,2592.05,1771191502927,1773756000,2509200,1773705600,100.0,2.0,1.0,1.0,0.0,1.0,0.0,1.0,0.0,0.9981646825396824,0.9985119047619048,29.08333333333333,0.056828,0.078313,0.0,1.0,0.9981852913085004,0.0,8549867bfffffff,,True,"N19°24'36.0""","W99°30'36.0""",stable,#2185d0,,29,México,2013-12-01 18:59:38+01:00,2013-12-01 18:59:38+01:00,3
9bHq78fHJjjd3R6q5,****CBF99,0,22961760,30.72,-116.0,-10.11,1736496186526,1773756000,22907760,1773705600,100.0,2.0,1.0,1.0,0.0,0.0,0.0,0.8583333333333334,0.9558402777777778,0.9598363095238096,0.96046626984127,60.0,0.300519,0.269368,,,0.9486203703703704,0.9486203703703704,85485d8bfffffff,,True,"N30°43'12.0""","W116°0'0.0""",stable,#2185d0,,0,Baja California,2013-12-01 18:59:38+01:00,2013-12-01 18:59:38+01:00,6
opPebTPDXPYbfdzmf,****D4E15,1773486126,37606320,22.27,-97.86,19.01,1735581593932,1773756000,37606320,1773705600,0.0,2.0,1.0,1.0,0.0,0.0,0.0,1.0,0.9109027777777778,0.809375,0.6428075396825397,60.0,,,1.0,1.0,0.955306712962963,0.955306712962963,85456da3fffffff,,True,"N22°16'12.0""","W97°51'36.0""",unstable,#db2828,,23,Tamaulipas,2013-12-01 18:59:38+01:00,2013-12-01 18:59:38+01:00,29
9Zj2xb6ipDJFR7iCC,****D5A51,0,33012240,20.93,-89.69,1.9,1736296151921,1773756000,32958480,1773705600,100.0,2.0,1.0,1.0,0.0,0.0,0.0,1.0,0.9666308922558924,0.928546626984127,0.857093253968254,60.0,0.10011,0.135949,1.0,1.0,0.9832517887205388,0.9832517887205388,854509b3fffffff,,True,"N20°55'48.0""","W89°41'24.0""",stable,#2185d0,,24,Yucatán,2013-12-01 18:59:38+01:00,2013-12-01 18:59:38+01:00,30
cj5qDJxunntcaZZQr,****D7701,0,32926440,20.71,-102.35,2073.23,1740203207355,1773756000,32872440,1773705600,100.0,2.0,1.0,1.0,0.0,0.0,0.0,1.0,0.9549074074074072,0.9996031746031746,0.999503968253968,60.0,0.159177,0.209901,1.0,1.0,0.9761747685185184,0.9761747685185184,85498137fffffff,,True,"N20°42'36.0""","W102°20'60.0""",stable,#2185d0,,9,Jalisco,2013-12-01 18:59:38+01:00,2013-12-01 18:59:38+01:00,15
bLGMZ62KE5gb69DT7,****D9CF9,0,28076640,18.9,-90.74,25.44,1739174049664,1773756000,28022760,1773705600,100.0,2.0,1.0,1.0,0.0,1.0,0.0,1.0,0.9415902376944044,0.981732568027211,0.9926388888888888,60.0,0.146757,0.165028,1.0,1.0,0.9638001693522528,0.9638001693522528,8545292bfffffff,,True,"N18°53'60.0""","W90°44'24.0""",stable,#2185d0,,25,Campeche,2013-12-01 18:59:38+01:00,2013-12-01 18:59:38+01:00,31
jaXBgrfK4Nt8K5enH,****DC539,1758677406,16908480,21.91,-99.98,975.61,1738312092804,1773756000,16908480,1773705600,0.0,2.0,1.0,1.0,0.0,0.0,0.0,0.5,0.0,0.0,0.0,60.0,,,1.0,1.0,0.0,0.0,85499c27fffffff,,True,"N21°54'36.0""","W99°58'48.0""",offline,#8e939b,,16,San Luis Potosí,2013-12-01 18:59:38+01:00,2013-12-01 18:59:38+01:00,22
BK9pkMXRZGJCwRX6Q,****E30F1,0,31727400,20.88,-89.6,1.65,1736823348268,1773756000,31673400,1773705600,100.0,2.0,1.0,1.0,0.0,1.0,0.0,1.0,0.9836858164983164,0.993576388888889,0.9932043650793652,60.0,0.166992,0.253967,1.0,1.0,0.9842607323232324,0.9842607323232324,85450987fffffff,,True,"N20°52'48.0""","W89°35'60.0""",stable,#2185d0,,24,Yucatán,2013-12-01 18:59:38+01:00,2013-12-01 18:59:38+01:00,30
ATeGFK5TmMzANYmE3,****DB001,0,34451760,19.28,-99.17,2271.93,1737068589822,1773756000,34397760,1773705600,100.0,2.0,1.0,1.0,0.0,1.0,0.0,1.0,0.9852083333333334,0.9712549603174604,0.944890873015873,60.0,0.114122,0.158128,1.0,1.0,0.6475636574074074,0.6475636574074074,85499587fffffff,,True,"N19°16'48.0""","W99°10'12.0""",stable,#2185d0,,28,Distrito Federal,2013-12-01 18:59:38+01:00,2013-12-01 18:59:38+01:00,1
RfDk9zBnWsGyNEDSv,****3168C,0,20941920,19.5,-99.14,2243.11,1752717963578,1773756000,20887920,1773705600,100.0,2.0,1.0,1.0,1.0,1.0,0.0,1.0,0.9938657407407409,0.9953373015873016,0.9964285714285714,60.0,0.38205,0.341853,,,0.9850126262626264,0.9850126262626264,854995bbfffffff,,True,"N19°30'0.0""","W99°8'24.0""",stable,#2185d0,,28,Distrito Federal,2013-12-01 18:59:38+01:00,2013-12-01 18:59:38+01:00,1
g8yR5WaxubS9uzbkZ,****19695,0,53062080,25.45,-100.99,1510.35,1719710101724,1773756000,53008080,1773705600,100.0,2.0,1.0,1.0,0.0,0.0,0.0,1.0,0.9991782407407408,0.999404761904762,0.9996031746031746,60.0,0.112287,0.149125,1.0,1.0,0.9988483796296296,0.9988483796296296,8548a07bfffffff,,True,"N25°26'60.0""","W100°59'24.0""",stable,#2185d0,,22,Coahuila de Zaragoza,2013-12-01 18:59:38+01:00,2013-12-01 18:59:38+01:00,28
8shQDiirBwSMb99uF,****19B8D,0,53292480,32.5,-116.74,340.43,1719793743282,1773756000,53238480,1773705600,100.0,2.0,1.0,0.0,0.0,1.0,0.0,1.0,0.9986921296296296,0.9987103174603176,0.998561507936508,60.0,0.106236,0.133835,1.0,1.0,0.9978125,0.9978125,8529a4dbfffffff,,True,"N32°30'0.0""","W116°44'24.0""",stable,#2185d0,,0,Baja California,2013-12-01 18:59:38+01:00,2013-12-01 18:59:38+01:00,6
dm3MRcJPSd9jNmtoG,****1A435,1752351126,11326680,31.66,-116.58,329.29,1720079554952,1773756000,11326680,1773705600,0.0,2.0,1.0,1.0,0.0,1.0,0.0,0.6999999999999998,0.0,0.0,0.0,60.0,,,,,0.0,0.0,85484a5bfffffff,,True,"N31°39'36.0""","W116°34'48.0""",offline,#8e939b,,0,Baja California,2013-12-01 18:59:38+01:00,2013-12-01 18:59:38+01:00,6
oG3Sb7WfiWYvdLvL8,****1BA3D,0,22925880,32.05,-116.88,-17.77,1748823702280,1773756000,22871880,1773705600,100.0,2.0,1.0,1.0,0.0,0.0,0.0,1.0,0.9905092592592591,0.9814484126984128,0.9634424603174604,60.0,0.080506,0.098795,1.0,1.0,0.8466046927609427,0.8466046927609427,85484a7bfffffff,,True,"N32°2'60.0""","W116°52'48.0""",stable,#2185d0,,0,Baja California,2013-12-01 18:59:38+01:00,2013-12-01 18:59:38+01:00,6
xdFbm3c63gLskKAQr,****1BB51,0,8540880,18.96,-96.74,473.82,1764529370531,1773756000,8498520,1773705600,84.04761904761905,2.0,1.0,1.0,0.0,0.0,0.0,1.0,0.995763888888889,0.9991071428571427,0.9989087301587302,60.0,0.151388,0.180425,0.0,1.0,0.9955729166666668,0.9955729166666668,8549968bfffffff,,True,"N18°57'36.0""","W96°44'24.0""",stable,#2185d0,,20,Veracruz de Ignacio de la Llave,2013-12-01 18:59:38+01:00,2013-12-01 18:59:38+01:00,26
rnmPJfFCRXT6JPP8F,****1C215,0,33486720,19.32,-96.78,354.24,1741742646013,1773756000,33432720,1773705600,100.0,2.0,1.0,1.0,0.0,0.0,0.0,0.1166666666666666,0.6584977553310887,0.5323856120731121,0.6634815416065416,60.0,0.968814,1.073796,0.0,,0.7844387976992144,0.7844387976992144,85499603fffffff,,True,"N19°19'12.0""","W96°46'48.0""",stable,#2185d0,,20,Veracruz de Ignacio de la Llave,2013-12-01 18:59:38+01:00,2013-12-01 18:59:38+01:00,26
eRwaD2suETHR5tr2o,****1CDC1,0,40761600,19.54,-96.94,1424.23,1732904589491,1773756000,40707600,1773705600,100.0,2.0,1.0,1.0,0.0,0.0,0.0,1.0,0.9997569444444444,0.999875992063492,0.9998015873015872,60.0,0.076205,0.091104,1.0,1.0,0.9969675925925928,0.9969675925925928,85499633fffffff,,True,"N19°32'24.0""","W96°56'24.0""",stable,#2185d0,,20,Veracruz de Ignacio de la Llave,2013-12-01 18:59:38+01:00,2013-12-01 18:59:38+01:00,26
bXzqRZQoG5PXEZeg4,****8FC9D,0,27453480,21.17,-89.36,1.9,1744389150997,1773756000,27399600,1773705600,100.0,2.0,1.0,1.0,0.0,0.0,0.0,1.0,0.9391666666666668,0.870734126984127,0.997718253968254,60.0,0.207586,0.277418,1.0,1.0,0.9621030092592592,0.9621030092592592,85450907fffffff,,True,"N21°10'12.0""","W89°21'36.0""",stable,#2185d0,,24,Yucatán,2013-12-01 18:59:38+01:00,2013-12-01 18:59:38+01:00,30
cwYxHbkCHBnvBSpT6,****905E1,1770489486,17471760,20.61,-88.11,23.32,1744389462426,1773756000,17471760,1773705600,0.0,2.0,1.0,1.0,0.0,0.0,0.0,1.0,0.0,0.0,0.0,60.0,,,1.0,1.0,0.2769097222222222,0.2769097222222222,85450873fffffff,,True,"N20°36'36.0""","W88°6'36.0""",offline,#8e939b,,24,Yucatán,2013-12-01 18:59:38+01:00,2013-12-01 18:59:38+01:00,30
JAtt5TYo7bSSkhsbH,****92795,0,27245880,21.19,-89.4,-2.97,1744388859506,1773756000,27192120,1773705600,100.0,2.0,1.0,1.0,0.0,0.0,0.0,1.0,0.9811044472502808,0.9626984126984126,0.9983630952380952,60.0,0.291351,0.289376,1.0,1.0,0.9841492805034472,0.9841492805034472,854509abfffffff,,True,"N21°11'24.0""","W89°24'0.0""",stable,#2185d0,,24,Yucatán,2013-12-01 18:59:38+01:00,2013-12-01 18:59:38+01:00,30
bZXS5t5SCW5Cijuj4,****95079,0,19517280,23.23,-106.39,-6.8,1744369455352,1773756000,19463280,1773705600,100.0,2.0,1.0,1.0,0.0,1.0,0.0,1.0,0.999710648148148,0.9998511904761904,0.9998511904761904,60.0,0.103916,0.131691,1.0,1.0,0.5234664351851852,0.5234664351851852,854833abfffffff,,True,"N23°13'48.0""","W106°23'24.0""",stable,#2185d0,,31,Sinaloa,2013-12-01 18:59:38+01:00,2013-12-01 18:59:38+01:00,5
hvotH9thRMwsFM2hp,****13711,0,25583280,20.58,-90.01,6.29,1744389009250,1773756000,25529280,1773705600,100.0,2.0,1.0,1.0,0.0,0.0,0.0,1.0,0.9956944444444444,0.990997023809524,0.9820436507936507,60.0,0.154715,0.160636,1.0,1.0,0.997690972222222,0.997690972222222,854572cffffffff,,True,"N20°34'48.0""","W90°0'36.0""",stable,#2185d0,,24,Yucatán,2013-12-01 18:59:38+01:00,2013-12-01 18:59:38+01:00,30
GY5aiygzasnnQwaQp,****F781D,0,60488400,20.56,-103.48,1618.77,1710634218331,1773756000,60434400,1773705600,100.0,2.0,1.0,1.0,0.0,0.0,0.0,1.0,0.9986689814814814,0.9989087301587302,0.9986607142857143,60.0,0.087315,0.110251,1.0,1.0,0.9822906144781144,0.9822906144781144,8549ab5bfffffff,,True,"N20°33'36.0""","W103°28'48.0""",stable,#2185d0,,9,Jalisco,2013-12-01 18:59:38+01:00,2013-12-01 18:59:38+01:00,15
8ciPfrLerKzSKBxTH,****671A5,0,106479360,25.65,-100.4,628.16,1653496020482,1773756000,106425360,1773705600,100.0,1.0,1.0,1.0,0.0,0.0,0.0,0.95,0.9718939393939394,0.9706011002886002,0.9689303751803752,60.0,0.783103,0.246507,,,0.9662328493265994,0.9662328493265994,8548a207fffffff,,True,"N25°38'60.0""","W100°24'0.0""",stable,#2185d0,,21,Nuevo León,2013-12-01 18:59:38+01:00,2013-12-01 18:59:38+01:00,27
2DthSyeDjPzDsHCdQ,****671F1,0,53863800,25.41,-100.17,531.58,1653503580549,1773756000,53809800,1773705600,100.0,1.0,1.0,1.0,0.0,0.0,0.0,0.9916666666666668,0.9650010521885524,0.9499030483405484,0.9834325396825396,60.0,0.995302,0.235189,1.0,1.0,0.9638489057239058,0.9638489057239058,8548a213fffffff,,True,"N25°24'36.0""","W100°10'12.0""",stable,#2185d0,,21,Nuevo León,2013-12-01 18:59:38+01:00,2013-12-01 18:59:38+01:00,27
RvicCj7N8RmtAEiQq,****673A9,0,117883560,19.48,-99.23,2264.4,1653067016286,1773756000,117829560,1773705600,100.0,1.0,1.0,1.0,0.0,1.0,0.0,1.0,0.9747453703703703,0.9552579365079364,0.9999007936507937,60.0,1.330537,0.5723,1.0,1.0,0.9870370370370368,0.9870370370370368,854995bbfffffff,,True,"N19°28'48.0""","W99°13'48.0""",stable,#2185d0,,29,México,2013-12-01 18:59:38+01:00,2013-12-01 18:59:38+01:00,3
QQKQcT3iFcCLEThMH,****67409,0,52523520,17.86,-98.15,1097.39,1717962145438,1773756000,52469640,1773705600,100.0,1.0,1.0,1.0,0.0,0.0,0.0,1.0,0.9844931958473624,0.9940724206349206,0.9941964285714286,60.0,1.450345,1.271875,0.0,1.0,0.9822581719977552,0.9822581719977552,8549b207fffffff,,True,"N17°51'36.0""","W98°9'0.0""",stable,#2185d0,,12,Oaxaca,2013-12-01 18:59:38+01:00,2013-12-01 18:59:38+01:00,18
esCsnxQizg2zhmbAp,****A0631,1767311646,10000920,20.27,-101.49,0.0,1738022056421,1773756000,10000920,1773705600,0.0,1.0,1.0,1.0,0.0,1.0,0.0,0.0,0.0,0.0,0.0,60.0,,,1.0,1.0,0.0,0.0,854981cbfffffff,,True,"N20°16'12.0""","W101°29'24.0""",offline,#8e939b,,8,Michoacán de Ocampo,2013-12-01 18:59:38+01:00,2013-12-01 18:59:38+01:00,14
HwDnCRikHH4ERj3Gs,****DB25D,0,53292240,25.44,-100.99,1530.34,1719730799821,1773756000,53238240,1773705600,100.0,2.0,1.0,1.0,0.0,0.0,0.0,1.0,0.9991666666666666,0.9992311507936508,0.9996031746031746,60.0,0.080196,0.131103,,,0.9987037037037038,0.9987037037037038,8548a07bfffffff,,True,"N25°26'24.0""","W100°59'24.0""",stable,#2185d0,,22,Coahuila de Zaragoza,2013-12-01 18:59:38+01:00,2013-12-01 18:59:38+01:00,28
7gX3Tom23B9rDbcy2,****0094D,0,23706960,19.73,-100.36,2258.8,1749322110019,1773756000,23652960,1773705600,100.0,2.0,1.0,1.0,0.0,0.0,0.0,1.0,0.9882407407407408,0.990625,0.9816468253968254,60.0,0.089996,0.132651,1.0,1.0,0.982349537037037,0.982349537037037,8549805bfffffff,,True,"N19°43'48.0""","W100°21'36.0""",stable,#2185d0,,8,Michoacán de Ocampo,2013-12-01 18:59:38+01:00,2013-12-01 18:59:38+01:00,14
Pndj6233XFLAvkxdx,****A7C8D,0,69260400,31.83,-116.6,-10.89,1704162999135,1773756000,69206400,1773705600,100.0,2.0,1.0,1.0,0.0,1.0,0.0,1.0,0.9985185185185184,0.9990327380952382,0.9989583333333332,60.0,0.12425,0.153699,1.0,1.0,0.9970717592592592,0.9970717592592592,85484a4bfffffff,,True,"N31°49'48.0""","W116°35'60.0""",stable,#2185d0,,0,Baja California,2013-12-01 18:59:38+01:00,2013-12-01 18:59:38+01:00,6
2PHdZ3RNGxjHb246M,****14B1D,1773489968,25180800,20.88,-89.75,0.03,1744308899668,1773756000,25180800,1773705600,0.0,2.0,1.0,1.0,0.0,0.0,0.0,1.0,0.5439872685185185,0.3481894841269841,0.3035218253968254,60.0,,,1.0,1.0,0.724535300925926,0.724535300925926,8545724ffffffff,,True,"N20°52'48.0""","W89°45'0.0""",unstable,#db2828,,24,Yucatán,2013-12-01 18:59:38+01:00,2013-12-01 18:59:38+01:00,30
qHo6mfQYy7Xsg3Rgo,****14BF9,0,9207000,22.18,-97.84,-7.81,1764479110331,1773756000,9153000,1773705600,100.0,2.0,1.0,1.0,0.0,0.0,0.0,1.0,0.9887291666666668,0.9827876984126984,0.9973710317460318,60.0,0.114934,0.123714,1.0,1.0,0.991689393939394,0.991689393939394,85456db3fffffff,,True,"N22°10'48.0""","W97°50'24.0""",stable,#2185d0,,20,Veracruz de Ignacio de la Llave,2013-12-01 18:59:38+01:00,2013-12-01 18:59:38+01:00,26
3STJAZJeBoSmSofAk,****15721,0,25716120,21.16,-89.1,3.95,1744308841743,1773756000,25662120,1773705600,100.0,2.0,1.0,1.0,0.0,0.0,0.0,1.0,0.9647149571107904,0.9478527837902836,0.9832717051467053,60.0,0.16345,0.201084,1.0,1.0,0.9810939754689756,0.9810939754689756,8545090bfffffff,,True,"N21°9'36.0""","W89°5'60.0""",stable,#2185d0,,24,Yucatán,2013-12-01 18:59:38+01:00,2013-12-01 18:59:38+01:00,30
AJXjBZNjbiytY8Hz2,****15FE5,0,22355280,20.54,-97.45,44.25,1746417672124,1773756000,22301280,1773705600,100.0,2.0,1.0,1.0,0.0,0.0,0.0,1.0,0.9997916666666667,0.9998263888888888,0.9999503968253968,60.0,0.081643,0.121565,1.0,1.0,0.9997800925925926,0.9997800925925926,8549906ffffffff,,True,"N20°32'24.0""","W97°27'0.0""",stable,#2185d0,,20,Veracruz de Ignacio de la Llave,2013-12-01 18:59:38+01:00,2013-12-01 18:59:38+01:00,26
8NGzrEkwgmCpSariR,****17B6D,1768692126,16187040,20.39,-89.28,16.13,1744308782586,1773756000,16187040,1773705600,0.0,1.0,1.0,1.0,0.0,0.0,0.0,0.0,0.0,0.0,0.0,60.0,,,1.0,1.0,0.0,0.0,85450d77fffffff,,True,"N20°23'24.0""","W89°16'48.0""",offline,#8e939b,,24,Yucatán,2013-12-01 18:59:38+01:00,2013-12-01 18:59:38+01:00,30
2qmsAEspJzuTa9FRu,****20309,0,25343040,21.2,-86.89,8.58,1744309656276,1773756000,25289040,1773705600,100.0,2.0,1.0,1.0,0.0,0.0,0.0,1.0,0.9971875,0.9999751984126984,1.0,60.0,0.12483,0.140793,1.0,1.0,0.9964351851851851,0.9964351851851851,85450a6bfffffff,,True,"N21°11'60.0""","W86°53'24.0""",stable,#2185d0,,26,Quintana Roo,2013-12-01 18:59:38+01:00,2013-12-01 18:59:38+01:00,32
cNuydvfoDdFTHAXdN,****21331,0,15929880,31.9,-116.71,-10.31,1757797865113,1773756000,15875880,1773705600,100.0,2.0,1.0,1.0,0.0,1.0,0.0,1.0,0.9989699074074074,0.999503968253968,0.9992063492063492,60.0,0.156131,0.223377,0.0,1.0,0.998107638888889,0.998107638888889,85484a4ffffffff,,True,"N31°53'60.0""","W116°42'36.0""",stable,#2185d0,,0,Baja California,2013-12-01 18:59:38+01:00,2013-12-01 18:59:38+01:00,6
9rPC54729pH9NsT3F,****231F9,0,23566800,16.96,-99.1,363.9,1744187445064,1773756000,23512800,1773705600,100.0,2.0,1.0,1.0,0.0,0.0,0.0,1.0,0.9992361111111112,0.999280753968254,0.9992063492063492,60.0,0.155289,0.200334,1.0,1.0,0.997037037037037,0.997037037037037,8549b08bfffffff,,True,"N16°57'36.0""","W99°5'60.0""",stable,#2185d0,,27,Guerrero,2013-12-01 18:59:38+01:00,2013-12-01 18:59:38+01:00,2
rNGEZacNPucH5xi68,G038,0,90435000,19.0,-98.23,2122.96,1679373070316,1773756000,90381000,1773705600,100.0,2.0,0.0,0.0,-1.0,-1.0,0.0,1.0,0.9997453703703704,0.9997767857142856,0.9999503968253968,60.0,0.24208,0.185175,1.0,1.0,0.9997685185185186,0.9997685185185186,854994affffffff,,True,"N19°0'0.0""","W98°13'48.0""",stable,#2185d0,,18,Puebla,2013-12-01 18:59:38+01:00,2013-12-01 18:59:38+01:00,24
